{"task_0": {"continual_accs": [90.572509765625, 91.18958282470703, 91.94377899169922], "reset_accs": [90.64107513427734, 91.42955780029297, 91.6695327758789], "percentages": [0, 30]}, "task_1": {"continual_accs": [90.96025085449219, 90.96025085449219, 91.52304077148438], "reset_accs": [89.20155334472656, 90.29194641113281, 91.20647430419922], "percentages": [5, 35]}, "task_2": {"continual_accs": [90.94721984863281, 91.22683715820312, 90.91226196289062], "reset_accs": [89.40929412841797, 90.56273651123047, 90.77245330810547], "percentages": [10, 40]}, "task_3": {"continual_accs": [91.17840576171875, 91.31007385253906, 91.57340240478516], "reset_accs": [89.56550598144531, 90.35549926757812, 90.81632232666016], "percentages": [15, 45]}, "task_4": {"continual_accs": [91.2109375, 91.17839050292969, 91.43880462646484], "reset_accs": [88.54167175292969, 90.234375, 90.00651550292969], "percentages": [20, 50]}, "task_5": {"continual_accs": [92.05087280273438, 91.54212951660156, 91.57392120361328], "reset_accs": [89.57074737548828, 90.46105194091797, 90.96979522705078], "percentages": [25, 55]}, "task_6": {"continual_accs": [92.37369537353516, 92.34191131591797, 92.37369537353516], "reset_accs": [90.56244659423828, 90.56244659423828, 91.07086181640625], "percentages": [30, 60]}, "task_7": {"continual_accs": [92.27413940429688, 92.24298858642578, 92.02491760253906], "reset_accs": [90.52959442138672, 91.27725219726562, 90.99687957763672], "percentages": [35, 65]}, "task_8": {"continual_accs": [92.30769348144531, 92.82868194580078, 92.85933685302734], "reset_accs": [90.7753677368164, 91.72541046142578, 91.75605773925781], "percentages": [40, 70]}, "task_9": {"continual_accs": [92.89482116699219, 92.39838409423828, 92.58454895019531], "reset_accs": [90.66087341308594, 92.05709075927734, 92.02606964111328], "percentages": [45, 75]}, "task_10": {"continual_accs": [92.83065032958984, 93.01606750488281, 92.58343505859375], "reset_accs": [91.28553771972656, 91.84178161621094, 91.84178161621094], "percentages": [50, 80]}, "task_11": {"continual_accs": [93.15576934814453, 93.15576934814453, 93.52740478515625], "reset_accs": [91.45246124267578, 92.19572448730469, 92.41250610351562], "percentages": [55, 85]}, "task_12": {"continual_accs": [93.58372497558594, 93.45853424072266, 93.39593505859375], "reset_accs": [91.76838684082031, 92.86385345458984, 93.08294677734375], "percentages": [60, 90]}, "task_13": {"continual_accs": [93.23260498046875, 93.23260498046875, 93.20113372802734], "reset_accs": [92.3198013305664, 92.54013061523438, 92.72898864746094], "percentages": [65, 95]}}