{
  "task_0": {
    "continual_accs": [
      90.12684631347656,
      91.25814819335938,
      91.94377899169922
    ],
    "reset_accs": [
      89.9897232055664,
      91.49811553955078,
      91.90950012207031
    ],
    "percentages": [
      0,
      30
    ]
  },
  "task_1": {
    "continual_accs": [
      91.1009521484375,
      91.34716796875,
      91.48786926269531
    ],
    "reset_accs": [
      89.27189636230469,
      90.64368438720703,
      91.1361312866211
    ],
    "percentages": [
      5,
      35
    ]
  },
  "task_2": {
    "continual_accs": [
      91.05207824707031,
      90.94721984863281,
      91.22683715820312
    ],
    "reset_accs": [
      88.81510162353516,
      90.14330291748047,
      90.49283599853516
    ],
    "percentages": [
      10,
      40
    ]
  },
  "task_3": {
    "continual_accs": [
      91.1125717163086,
      91.37590789794922,
      91.54048919677734
    ],
    "reset_accs": [
      89.433837890625,
      90.4871597290039,
      90.4871597290039
    ],
    "percentages": [
      15,
      45
    ]
  },
  "task_4": {
    "continual_accs": [
      91.34114837646484,
      91.43880462646484,
      91.56901550292969
    ],
    "reset_accs": [
      89.6484375,
      90.10417175292969,
      90.59245300292969
    ],
    "percentages": [
      20,
      50
    ]
  },
  "task_5": {
    "continual_accs": [
      91.60572052001953,
      91.54212951660156,
      91.70111083984375
    ],
    "reset_accs": [
      89.9205093383789,
      90.65182495117188,
      90.71542358398438
    ],
    "percentages": [
      25,
      55
    ]
  },
  "task_6": {
    "continual_accs": [
      92.31013488769531,
      92.27835845947266,
      92.24658966064453
    ],
    "reset_accs": [
      90.49888610839844,
      91.0390853881836,
      91.64283752441406
    ],
    "percentages": [
      30,
      60
    ]
  },
  "task_7": {
    "continual_accs": [
      92.55451202392578,
      92.11837768554688,
      92.39875030517578
    ],
    "reset_accs": [
      90.49844360351562,
      91.12149810791016,
      91.65108489990234
    ],
    "percentages": [
      35,
      65
    ]
  },
  "task_8": {
    "continual_accs": [
      92.67545318603516,
      92.67545318603516,
      92.6141586303711
    ],
    "reset_accs": [
      91.02053833007812,
      91.5415267944336,
      91.57217407226562
    ],
    "percentages": [
      40,
      70
    ]
  },
  "task_9": {
    "continual_accs": [
      92.6155776977539,
      92.70865631103516,
      92.55352783203125
    ],
    "reset_accs": [
      91.18833923339844,
      91.56066131591797,
      91.77784729003906
    ],
    "percentages": [
      45,
      75
    ]
  },
  "task_10": {
    "continual_accs": [
      92.18170928955078,
      92.73794555664062,
      92.98516845703125
    ],
    "reset_accs": [
      91.13102722167969,
      91.96539306640625,
      91.99629211425781
    ],
    "percentages": [
      50,
      80
    ]
  },
  "task_11": {
    "continual_accs": [
      93.27964782714844,
      93.15576934814453,
      93.12480163574219
    ],
    "reset_accs": [
      91.82408905029297,
      91.97893524169922,
      92.28862762451172
    ],
    "percentages": [
      55,
      85
    ]
  },
  "task_12": {
    "continual_accs": [
      93.39593505859375,
      93.33333587646484,
      93.55242919921875
    ],
    "reset_accs": [
      92.42566680908203,
      92.89514923095703,
      92.83255004882812
    ],
    "percentages": [
      60,
      90
    ]
  },
  "task_13": {
    "continual_accs": [
      93.51589965820312,
      93.29556274414062,
      93.13818359375
    ],
    "reset_accs": [
      92.0994644165039,
      92.9178466796875,
      92.72898864746094
    ],
    "percentages": [
      65,
      95
    ]
  }
}