{"task_0": {"continual_accs": [90.33253479003906, 91.25814819335938, 91.70381164550781], "reset_accs": [90.572509765625, 90.91532897949219, 91.42955780029297], "percentages": [0, 30]}, "task_1": {"continual_accs": [90.96025085449219, 90.96025085449219, 91.1009521484375], "reset_accs": [89.69398498535156, 90.99542999267578, 90.74920654296875], "percentages": [5, 35]}, "task_2": {"continual_accs": [91.12198638916016, 91.12198638916016, 91.22683715820312], "reset_accs": [89.44425201416016, 90.70255279541016, 90.91226196289062], "percentages": [10, 40]}, "task_3": {"continual_accs": [91.37590789794922, 91.37590789794922, 91.47465515136719], "reset_accs": [89.53258514404297, 90.15799713134766, 90.52008056640625], "percentages": [15, 45]}, "task_4": {"continual_accs": [91.40625, 91.50390625, 91.24349212646484], "reset_accs": [88.96484375, 90.00651550292969, 89.71354675292969], "percentages": [20, 50]}, "task_5": {"continual_accs": [91.95548248291016, 91.89189147949219, 91.89189147949219], "reset_accs": [89.76152801513672, 90.36566162109375, 90.71542358398438], "percentages": [25, 55]}, "task_6": {"continual_accs": [92.08770751953125, 92.37369537353516, 92.31013488769531], "reset_accs": [89.64093017578125, 90.816650390625, 91.29329681396484], "percentages": [30, 60]}, "task_7": {"continual_accs": [92.71028137207031, 92.36759185791016, 92.52336120605469], "reset_accs": [90.93457794189453, 91.49532318115234, 91.30841064453125], "percentages": [35, 65]}, "task_8": {"continual_accs": [92.33834075927734, 92.55287170410156, 92.73674774169922], "reset_accs": [90.9898910522461, 91.75605773925781, 91.5415267944336], "percentages": [40, 70]}, "task_9": {"continual_accs": [92.8637924194336, 92.6155776977539, 92.4294204711914], "reset_accs": [91.06422424316406, 91.99503326416016, 92.18119812011719], "percentages": [45, 75]}, "task_10": {"continual_accs": [92.76884460449219, 92.9233627319336, 92.6452407836914], "reset_accs": [90.79109954833984, 91.470947265625, 91.93448638916016], "percentages": [50, 80]}, "task_11": {"continual_accs": [93.03189849853516, 93.43449401855469, 92.90802001953125], "reset_accs": [91.85506439208984, 92.04087829589844, 91.91699981689453], "percentages": [55, 85]}, "task_12": {"continual_accs": [93.48983001708984, 93.33333587646484, 93.42723846435547], "reset_accs": [91.83098602294922, 92.55086517333984, 93.05165100097656], "percentages": [60, 90]}, "task_13": {"continual_accs": [93.61032104492188, 92.88636779785156, 93.45294189453125], "reset_accs": [92.0994644165039, 92.63455963134766, 92.697509765625], "percentages": [65, 95]}}